/*
 Navicat Premium Data Transfer

 Source Server         : LESTARI
 Source Server Type    : MySQL
 Source Server Version : 50725
 Source Host           : 220.247.174.125:3306
 Source Schema         : absensi

 Target Server Type    : MySQL
 Target Server Version : 50725
 File Encoding         : 65001

 Date: 06/02/2019 12:36:37
*/

SET NAMES utf8mb4;
SET FOREIGN_KEY_CHECKS = 0;

-- ----------------------------
-- Table structure for absen_pegawai
-- ----------------------------
DROP TABLE IF EXISTS `absen_pegawai`;
CREATE TABLE `absen_pegawai`  (
  `id` int(11) NOT NULL AUTO_INCREMENT,
  `tgl_absen` datetime(0) NULL DEFAULT NULL,
  `nip` varchar(15) CHARACTER SET latin1 COLLATE latin1_swedish_ci NULL DEFAULT NULL,
  `location` varchar(255) CHARACTER SET latin1 COLLATE latin1_swedish_ci NULL DEFAULT NULL,
  PRIMARY KEY (`id`) USING BTREE
) ENGINE = InnoDB AUTO_INCREMENT = 19 CHARACTER SET = latin1 COLLATE = latin1_swedish_ci ROW_FORMAT = Dynamic;

-- ----------------------------
-- Records of absen_pegawai
-- ----------------------------
INSERT INTO `absen_pegawai` VALUES (1, '2019-01-29 09:26:42', '200002165', '-');
INSERT INTO `absen_pegawai` VALUES (2, '2019-01-29 07:27:51', '200103175', '-');
INSERT INTO `absen_pegawai` VALUES (3, '2019-01-31 07:29:04', '200104173', '-');
INSERT INTO `absen_pegawai` VALUES (4, '2019-01-31 08:29:04', '200303181', '-');
INSERT INTO `absen_pegawai` VALUES (5, '2019-02-01 08:26:00', '200001167', '-');
INSERT INTO `absen_pegawai` VALUES (6, '2019-02-01 08:26:00', '200002165', '-');
INSERT INTO `absen_pegawai` VALUES (7, '2019-02-01 08:26:00', '200003162', '-');
INSERT INTO `absen_pegawai` VALUES (8, '2019-02-01 08:53:00', '200003166', '-');
INSERT INTO `absen_pegawai` VALUES (9, '2019-02-02 13:02:00', '200001167', '-');
INSERT INTO `absen_pegawai` VALUES (13, '2019-02-04 01:42:17', '200003162', '-8.5801094,116.09884579999998');
INSERT INTO `absen_pegawai` VALUES (14, '2019-02-04 02:00:21', '200003162', '-8.5801224,116.0990809');
INSERT INTO `absen_pegawai` VALUES (15, '2019-02-04 05:46:18', '200003162', '-8.5801224,116.0990809');
INSERT INTO `absen_pegawai` VALUES (16, '2019-02-04 11:55:37', '200003162', '-8.5801094,116.09884579999998');
INSERT INTO `absen_pegawai` VALUES (17, '2019-02-04 12:04:17', '200003162', '-8.5801224,116.0990809');
INSERT INTO `absen_pegawai` VALUES (18, '2019-02-05 02:57:33', '200003162', '-8.5801224,116.0990809');

-- ----------------------------
-- Table structure for akses
-- ----------------------------
DROP TABLE IF EXISTS `akses`;
CREATE TABLE `akses`  (
  `username` varchar(10) CHARACTER SET latin1 COLLATE latin1_swedish_ci NOT NULL,
  `kd_menu` varchar(10) CHARACTER SET latin1 COLLATE latin1_swedish_ci NOT NULL
) ENGINE = InnoDB CHARACTER SET = latin1 COLLATE = latin1_swedish_ci ROW_FORMAT = Dynamic;

-- ----------------------------
-- Records of akses
-- ----------------------------
INSERT INTO `akses` VALUES ('admin', 'mn1');
INSERT INTO `akses` VALUES ('admin', 'mn11');
INSERT INTO `akses` VALUES ('admin', 'mn12');
INSERT INTO `akses` VALUES ('admin', 'mn13');
INSERT INTO `akses` VALUES ('admin', 'mn2');
INSERT INTO `akses` VALUES ('admin', 'mn21');
INSERT INTO `akses` VALUES ('admin', 'mn22');
INSERT INTO `akses` VALUES ('admin', 'mn23');
INSERT INTO `akses` VALUES ('admin', 'mn24');
INSERT INTO `akses` VALUES ('admin', 'mn3');
INSERT INTO `akses` VALUES ('admin', 'mn31');
INSERT INTO `akses` VALUES ('admin', 'mn19');
INSERT INTO `akses` VALUES ('murlan', 'mn1');
INSERT INTO `akses` VALUES ('murlan', 'mn13');

-- ----------------------------
-- Table structure for data_wajah
-- ----------------------------
DROP TABLE IF EXISTS `data_wajah`;
CREATE TABLE `data_wajah`  (
  `id_pegawai` int(11) NULL DEFAULT NULL,
  `foto` varchar(255) CHARACTER SET latin1 COLLATE latin1_swedish_ci NULL DEFAULT NULL
) ENGINE = InnoDB CHARACTER SET = latin1 COLLATE = latin1_swedish_ci ROW_FORMAT = Dynamic;

-- ----------------------------
-- Table structure for golongan
-- ----------------------------
DROP TABLE IF EXISTS `golongan`;
CREATE TABLE `golongan`  (
  `gol` varchar(3) CHARACTER SET latin1 COLLATE latin1_swedish_ci NOT NULL,
  `keterangan` varchar(50) CHARACTER SET latin1 COLLATE latin1_swedish_ci NULL DEFAULT NULL,
  `id_gol` int(11) NOT NULL AUTO_INCREMENT,
  PRIMARY KEY (`id_gol`, `gol`) USING BTREE
) ENGINE = InnoDB AUTO_INCREMENT = 18 CHARACTER SET = latin1 COLLATE = latin1_swedish_ci ROW_FORMAT = Dynamic;

-- ----------------------------
-- Records of golongan
-- ----------------------------
INSERT INTO `golongan` VALUES ('A1', 'penata muda 1A', 5);
INSERT INTO `golongan` VALUES ('A3', 'penata muda 3', 6);
INSERT INTO `golongan` VALUES ('B4', 'penata junior 4', 7);
INSERT INTO `golongan` VALUES ('C2', 'penata senior 2', 9);
INSERT INTO `golongan` VALUES ('C3', 'penata senior 3', 10);
INSERT INTO `golongan` VALUES ('C4', 'penata senior 4', 11);
INSERT INTO `golongan` VALUES ('D1', 'penata legend 1', 12);
INSERT INTO `golongan` VALUES ('B2', 'penata junior 2', 13);
INSERT INTO `golongan` VALUES ('D2', 'testing guys', 14);
INSERT INTO `golongan` VALUES ('A2', 'test oe', 15);
INSERT INTO `golongan` VALUES ('G2', 'gege', 16);
INSERT INTO `golongan` VALUES ('C1', 'penata senior 1', 17);

-- ----------------------------
-- Table structure for izin_pegawai
-- ----------------------------
DROP TABLE IF EXISTS `izin_pegawai`;
CREATE TABLE `izin_pegawai`  (
  `id` int(11) NOT NULL AUTO_INCREMENT,
  `tgl_mohon` datetime(0) NULL DEFAULT NULL,
  `nip` varchar(15) CHARACTER SET latin1 COLLATE latin1_swedish_ci NULL DEFAULT NULL,
  `ket_absen` varchar(10) CHARACTER SET latin1 COLLATE latin1_swedish_ci NULL DEFAULT NULL,
  `keterangan` varchar(255) CHARACTER SET latin1 COLLATE latin1_swedish_ci NULL DEFAULT NULL,
  `tgl_mulai` date NULL DEFAULT NULL,
  `tgl_selesai` date NULL DEFAULT NULL,
  `status` tinyint(1) NULL DEFAULT 0 COMMENT '0 = PENGAJUAN | 1 = ACC | 1 = DITOLAK',
  `file` varchar(255) CHARACTER SET latin1 COLLATE latin1_swedish_ci NULL DEFAULT NULL,
  PRIMARY KEY (`id`) USING BTREE
) ENGINE = InnoDB AUTO_INCREMENT = 53 CHARACTER SET = latin1 COLLATE = latin1_swedish_ci ROW_FORMAT = Dynamic;

-- ----------------------------
-- Records of izin_pegawai
-- ----------------------------
INSERT INTO `izin_pegawai` VALUES (1, '2019-01-31 09:41:27', '200003164', 'Izin', 'Pergi Ke Kuburan', '2019-01-31', '2019-02-01', 1, NULL);
INSERT INTO `izin_pegawai` VALUES (41, '2019-02-03 07:03:45', '0454SS', 'SAKITSSS', 'afSS', '1970-01-01', '1970-01-01', 0, 'asfa');
INSERT INTO `izin_pegawai` VALUES (42, '2019-02-03 07:12:38', '200003162', 'Izin', 'GSS', '2019-02-03', '2019-02-04', 0, '20190203_151228.jpg');
INSERT INTO `izin_pegawai` VALUES (43, '2019-02-03 07:57:21', '200003162', 'Izin', '', '1970-01-01', '1970-01-01', 0, '');
INSERT INTO `izin_pegawai` VALUES (44, '2019-02-03 08:08:21', '200003162', 'Izin', 'Dd', '2019-02-06', '2019-02-22', 0, '');
INSERT INTO `izin_pegawai` VALUES (45, '2019-02-03 12:46:29', '200001167', 'Izin', 'Tes', '2019-02-05', '2019-02-21', 0, '20190203_204626.jpg');
INSERT INTO `izin_pegawai` VALUES (46, '2019-02-03 12:49:45', '200001167', 'Izin', 'Lsjssksljshshh', '2019-02-05', '2019-02-06', 0, '20190203_204942.jpg');
INSERT INTO `izin_pegawai` VALUES (47, '2019-02-04 11:23:24', '200702231', 'Izin', 'res', '2019-02-04', '2019-02-18', 0, '20190204_192316.jpg');
INSERT INTO `izin_pegawai` VALUES (48, '2019-02-04 11:46:02', '200003162', 'Sakit', 'Cuou ', '2019-02-04', '2019-02-16', 0, '20190204_194551.jpg');
INSERT INTO `izin_pegawai` VALUES (49, '2019-02-04 11:54:43', '200003162', 'Izin', 'H', '2019-02-09', '2019-02-16', 0, '20190204_195437.jpg');
INSERT INTO `izin_pegawai` VALUES (50, '2019-02-04 12:03:22', '200003162', 'Izin', 'Bisa kokk', '2019-02-04', '2019-02-20', 0, '20190204_200318.jpg');
INSERT INTO `izin_pegawai` VALUES (51, '2019-02-04 12:35:31', '201003260', 'Izin', '', '1970-01-01', '1970-01-01', 0, '20190204_203529.jpg');
INSERT INTO `izin_pegawai` VALUES (52, '2019-02-04 13:40:53', '200001167', 'Izin', 'Apa yg terjadi', '2019-02-04', '2019-02-19', 0, '20190204_214052.jpg');

-- ----------------------------
-- Table structure for jenis_absen
-- ----------------------------
DROP TABLE IF EXISTS `jenis_absen`;
CREATE TABLE `jenis_absen`  (
  `ket_absen` varchar(20) CHARACTER SET latin1 COLLATE latin1_swedish_ci NULL DEFAULT NULL
) ENGINE = InnoDB CHARACTER SET = latin1 COLLATE = latin1_swedish_ci ROW_FORMAT = Dynamic;

-- ----------------------------
-- Records of jenis_absen
-- ----------------------------
INSERT INTO `jenis_absen` VALUES ('Izin');
INSERT INTO `jenis_absen` VALUES ('Sakit');
INSERT INTO `jenis_absen` VALUES ('Cuti');

-- ----------------------------
-- Table structure for konfigurasi
-- ----------------------------
DROP TABLE IF EXISTS `konfigurasi`;
CREATE TABLE `konfigurasi`  (
  `jam_masuk` time(0) NULL DEFAULT NULL,
  `jam_toleransi` time(0) NULL DEFAULT NULL,
  `min_to_update` int(3) NULL DEFAULT NULL,
  `area_kantor` text CHARACTER SET latin1 COLLATE latin1_swedish_ci NULL
) ENGINE = InnoDB CHARACTER SET = latin1 COLLATE = latin1_swedish_ci ROW_FORMAT = Dynamic;

-- ----------------------------
-- Records of konfigurasi
-- ----------------------------
INSERT INTO `konfigurasi` VALUES ('08:10:00', '08:23:00', 20, '[[-8.673506,115.239825],[-8.673824,115.239809],[-8.673836,115.240067],[-8.673486,115.240071],[-8.673506,115.239825]]');

-- ----------------------------
-- Table structure for menu
-- ----------------------------
DROP TABLE IF EXISTS `menu`;
CREATE TABLE `menu`  (
  `kd_menu` varchar(10) CHARACTER SET latin1 COLLATE latin1_swedish_ci NOT NULL,
  `nm_menu` varchar(52) CHARACTER SET latin1 COLLATE latin1_swedish_ci NOT NULL,
  `status` int(1) NOT NULL,
  `kd_parent` varchar(5) CHARACTER SET latin1 COLLATE latin1_swedish_ci NOT NULL,
  `controller` varchar(255) CHARACTER SET latin1 COLLATE latin1_swedish_ci NULL DEFAULT NULL,
  `icon` varchar(255) CHARACTER SET latin1 COLLATE latin1_swedish_ci NULL DEFAULT NULL,
  PRIMARY KEY (`kd_menu`) USING BTREE
) ENGINE = InnoDB CHARACTER SET = latin1 COLLATE = latin1_swedish_ci ROW_FORMAT = Dynamic;

-- ----------------------------
-- Records of menu
-- ----------------------------
INSERT INTO `menu` VALUES ('mn1', 'Setting', 1, '-', 'Setup', 'i-Gear');
INSERT INTO `menu` VALUES ('mn11', 'Konfigurasi', 0, 'mn1', 'Konfig', '-');
INSERT INTO `menu` VALUES ('mn12', 'Pegawai', 0, 'mn1', 'Pegawai', '-');
INSERT INTO `menu` VALUES ('mn13', 'Golongan', 0, 'mn1', 'Golongan', '-');
INSERT INTO `menu` VALUES ('mn19', 'Hak Akses', 0, 'mn1', 'HakAkses', '-');
INSERT INTO `menu` VALUES ('mn2', 'Aplikasi', 1, '-', 'Aplikasi', 'i-Dropbox');
INSERT INTO `menu` VALUES ('mn21', 'Live Location', 0, 'mn2', 'Live', '-');
INSERT INTO `menu` VALUES ('mn22', 'Pengumuman', 0, 'mn2', 'Pengumuman', '-');
INSERT INTO `menu` VALUES ('mn23', 'Data Absensi', 0, 'mn2', 'Absensi', '-');
INSERT INTO `menu` VALUES ('mn24', 'Pengajuan Izin', 0, 'mn2', 'Izin', '-');
INSERT INTO `menu` VALUES ('mn3', 'Laporan', 1, '-', 'Laporan', 'i-Professor');
INSERT INTO `menu` VALUES ('mn31', 'Laporan Absensi', 0, 'mn3', 'Laporan/Absensi', '-');

-- ----------------------------
-- Table structure for pegawai
-- ----------------------------
DROP TABLE IF EXISTS `pegawai`;
CREATE TABLE `pegawai`  (
  `id_pegawai` int(11) NOT NULL AUTO_INCREMENT,
  `nip` varchar(15) CHARACTER SET latin1 COLLATE latin1_swedish_ci NOT NULL,
  `nm_pegawai` varchar(255) CHARACTER SET latin1 COLLATE latin1_swedish_ci NULL DEFAULT NULL,
  `gol` varchar(3) CHARACTER SET latin1 COLLATE latin1_swedish_ci NULL DEFAULT NULL,
  `user_app` varchar(10) CHARACTER SET latin1 COLLATE latin1_swedish_ci NULL DEFAULT NULL,
  `pass_app` varchar(10) CHARACTER SET latin1 COLLATE latin1_swedish_ci NULL DEFAULT NULL,
  `imei` varchar(255) CHARACTER SET latin1 COLLATE latin1_swedish_ci NULL DEFAULT NULL,
  `last_location` varchar(255) CHARACTER SET latin1 COLLATE latin1_swedish_ci NULL DEFAULT NULL,
  PRIMARY KEY (`id_pegawai`, `nip`) USING BTREE
) ENGINE = InnoDB AUTO_INCREMENT = 268 CHARACTER SET = latin1 COLLATE = latin1_swedish_ci ROW_FORMAT = Dynamic;

-- ----------------------------
-- Records of pegawai
-- ----------------------------
INSERT INTO `pegawai` VALUES (13, '200001167', 'ZULHAKIM SAPII', 'B4', 'zul', '1234', '869167037217822', '-8.6750263,116.1222562');
INSERT INTO `pegawai` VALUES (14, '200002165', 'MUHAMAD SA\'I', 'B1', NULL, NULL, NULL, NULL);
INSERT INTO `pegawai` VALUES (15, '200003162', 'SAHRUL HIDAYAT', 'B4', 'sahrul', '12345', '864448038287385', '-8.5801224,116.0990809');
INSERT INTO `pegawai` VALUES (16, '200003164', 'KHAIRIYAH', 'B4', NULL, NULL, NULL, NULL);
INSERT INTO `pegawai` VALUES (17, '200003166', 'MAHIDIN', 'C1', NULL, NULL, NULL, NULL);
INSERT INTO `pegawai` VALUES (18, '200003168', 'ABDUL BASIT', 'B4', NULL, NULL, NULL, NULL);
INSERT INTO `pegawai` VALUES (19, '200003169', 'SURYONO', 'B4', NULL, NULL, NULL, NULL);
INSERT INTO `pegawai` VALUES (20, '200003170', 'GUSTI PUTU SUCITA', 'C1', NULL, NULL, NULL, NULL);
INSERT INTO `pegawai` VALUES (21, '200003171', 'SUHARNO', 'C1', NULL, NULL, NULL, NULL);
INSERT INTO `pegawai` VALUES (22, '200003172', 'AMRIL YAKIN', 'B4', NULL, NULL, NULL, NULL);
INSERT INTO `pegawai` VALUES (23, '200103174', 'Hj. ANNI HARMAENI', 'B4', NULL, NULL, NULL, NULL);
INSERT INTO `pegawai` VALUES (24, '200103175', 'FARIDA', 'B4', NULL, NULL, NULL, NULL);
INSERT INTO `pegawai` VALUES (26, '200104173', 'Hj. MARLIA ROSALINA, S.Pt.', 'C4', NULL, NULL, NULL, NULL);
INSERT INTO `pegawai` VALUES (27, '200203178', 'ALVIAN MARIADI', 'B3', NULL, NULL, NULL, NULL);
INSERT INTO `pegawai` VALUES (28, '200203179', 'BQ. ATMAWATI, A.Md.', 'B3', NULL, NULL, NULL, NULL);
INSERT INTO `pegawai` VALUES (29, '200302180', 'JUNAIDI (Pjg)', 'B1', NULL, NULL, NULL, NULL);
INSERT INTO `pegawai` VALUES (30, '200303173', 'I WAYAN PUTU TANAYA', 'B4', NULL, NULL, NULL, NULL);
INSERT INTO `pegawai` VALUES (31, '200303180', 'LALU MURLAN', 'B3', NULL, NULL, NULL, NULL);
INSERT INTO `pegawai` VALUES (32, '200303181', 'BQ. HIDAYATI', 'B3', NULL, NULL, NULL, NULL);
INSERT INTO `pegawai` VALUES (33, '200303184', 'SUPARDAN', 'B3', NULL, NULL, NULL, NULL);
INSERT INTO `pegawai` VALUES (34, '200303187', 'AHMAD ABDULLAH, A.Md.', 'C1', NULL, NULL, NULL, NULL);
INSERT INTO `pegawai` VALUES (35, '200303188', 'SITI SAODAH', 'B4', NULL, NULL, NULL, NULL);
INSERT INTO `pegawai` VALUES (36, '200303189', 'FATMAWATI', 'B3', NULL, NULL, NULL, NULL);
INSERT INTO `pegawai` VALUES (37, '200303191', 'SATRIYADI', 'B4', NULL, NULL, NULL, NULL);
INSERT INTO `pegawai` VALUES (38, '200401201', 'MUSTIADI', 'A3', NULL, NULL, NULL, NULL);
INSERT INTO `pegawai` VALUES (40, '200402194', 'JOHANAN SATRIA', 'B1', NULL, NULL, NULL, NULL);
INSERT INTO `pegawai` VALUES (41, '200402196', 'HALIL', 'B1', 'q', 'q', '865181035890286', '-8.6395335,116.127634');
INSERT INTO `pegawai` VALUES (42, '200402207', 'ABDUL KADIR JAELANI', 'B1', NULL, NULL, NULL, NULL);
INSERT INTO `pegawai` VALUES (43, '200403200', 'IDA BAGUS WIRA UTAMA', 'B3', NULL, NULL, NULL, NULL);
INSERT INTO `pegawai` VALUES (44, '200403203', 'NURUL HIDAYAH', 'B3', NULL, NULL, NULL, NULL);
INSERT INTO `pegawai` VALUES (45, '200403204', 'M. RHEEVANI SURYA S. A.Md', 'B4', NULL, NULL, NULL, NULL);
INSERT INTO `pegawai` VALUES (46, '200403205', 'YOS SUDARSO', 'B4', NULL, NULL, NULL, NULL);
INSERT INTO `pegawai` VALUES (47, '200403206', 'RINI NURDIATI', 'B3', NULL, NULL, NULL, NULL);
INSERT INTO `pegawai` VALUES (48, '200404197', 'SILVIA SUSANTI, ST. MT.', 'C3', NULL, NULL, NULL, NULL);
INSERT INTO `pegawai` VALUES (49, '200404198', 'AHMAD FAROUQ, SE.', 'C3', NULL, NULL, NULL, NULL);
INSERT INTO `pegawai` VALUES (50, '200404199', 'JANUAR RAMADHAN, ST.', 'C3', NULL, NULL, NULL, NULL);
INSERT INTO `pegawai` VALUES (51, '200701209', 'M. HATTA KAMIL', 'A3', NULL, NULL, NULL, NULL);
INSERT INTO `pegawai` VALUES (52, '200701210', 'TURMUZI', 'A3', NULL, NULL, NULL, NULL);
INSERT INTO `pegawai` VALUES (53, '200701211', 'MURAD', 'A3', NULL, NULL, NULL, NULL);
INSERT INTO `pegawai` VALUES (54, '200702212', 'MUKSIN', 'A4', NULL, NULL, NULL, NULL);
INSERT INTO `pegawai` VALUES (55, '200702213', 'KURNIAWAN', 'A4', NULL, NULL, NULL, NULL);
INSERT INTO `pegawai` VALUES (56, '200702214', 'MUH. ILHAM FAJRI', 'A4', NULL, NULL, NULL, NULL);
INSERT INTO `pegawai` VALUES (57, '200702215', 'HARYADI HARTAWAN', 'A4', NULL, NULL, NULL, NULL);
INSERT INTO `pegawai` VALUES (58, '200702216', 'HERY KUSWANTO', 'A4', NULL, NULL, NULL, NULL);
INSERT INTO `pegawai` VALUES (59, '200702217', 'L. MOH. SUHAILI', 'A4', NULL, NULL, NULL, NULL);
INSERT INTO `pegawai` VALUES (60, '200702218', 'IDA KETUT SARJANA', 'A4', NULL, NULL, NULL, NULL);
INSERT INTO `pegawai` VALUES (61, '200702219', 'KUSNAYADI', 'A4', NULL, NULL, NULL, NULL);
INSERT INTO `pegawai` VALUES (62, '200702220', 'RUSMAN HADI', 'A4', NULL, NULL, NULL, NULL);
INSERT INTO `pegawai` VALUES (63, '200702221', 'MASNI', 'A4', NULL, NULL, NULL, NULL);
INSERT INTO `pegawai` VALUES (64, '200702222', 'L. MARULLAH', 'A4', NULL, NULL, NULL, NULL);
INSERT INTO `pegawai` VALUES (65, '200702223', 'AGUS NIADI', 'A4', NULL, NULL, NULL, NULL);
INSERT INTO `pegawai` VALUES (66, '200702224', 'L SUKARDI', 'A4', NULL, NULL, NULL, NULL);
INSERT INTO `pegawai` VALUES (67, '200702225', 'MUHAMMAD SUJJAI', 'A4', NULL, NULL, NULL, NULL);
INSERT INTO `pegawai` VALUES (68, '200702229', 'ZAENUL  ARIFIN', 'A4', NULL, NULL, NULL, NULL);
INSERT INTO `pegawai` VALUES (69, '200702230', 'JUNIADI', 'A4', NULL, NULL, NULL, NULL);
INSERT INTO `pegawai` VALUES (70, '200702231', 'JAKA', 'A4', 'qwe', 'qwe', '867464027669050', NULL);
INSERT INTO `pegawai` VALUES (71, '200703232', 'NURANITA', 'B2', NULL, NULL, NULL, NULL);
INSERT INTO `pegawai` VALUES (72, '200703235', 'M. RASULUDDIN', 'B2', NULL, NULL, NULL, NULL);
INSERT INTO `pegawai` VALUES (73, '200703236', 'HANA SEPTIANA', 'B2', NULL, NULL, NULL, NULL);
INSERT INTO `pegawai` VALUES (74, '200704238', 'WAWAN SUPRYADI, S.E.T.', 'C2', NULL, NULL, NULL, NULL);
INSERT INTO `pegawai` VALUES (75, '200704239', 'BQ. EMIRA FANORAMA, SH', 'C2', NULL, NULL, NULL, NULL);
INSERT INTO `pegawai` VALUES (76, '200802240', 'MUHLIS', 'A4', NULL, NULL, NULL, NULL);
INSERT INTO `pegawai` VALUES (77, '200802241', 'SOFYAN ZIKRONI', 'A4', NULL, NULL, NULL, NULL);
INSERT INTO `pegawai` VALUES (78, '200802242', 'M. ZIAD INDRAFAHRUDY', 'A4', NULL, NULL, NULL, NULL);
INSERT INTO `pegawai` VALUES (79, '200803243', 'WAHYU GUNAWAN HADI. A.Md.', 'B3', NULL, NULL, NULL, NULL);
INSERT INTO `pegawai` VALUES (80, '200803244', 'KEMAS AHMAD YANI, A.Md', 'B3', NULL, NULL, NULL, NULL);
INSERT INTO `pegawai` VALUES (81, '200804246', 'SURIA LALANA, SE', 'C2', NULL, NULL, NULL, NULL);
INSERT INTO `pegawai` VALUES (82, '200902254', 'EDY RUSLAN', 'A4', NULL, NULL, NULL, NULL);
INSERT INTO `pegawai` VALUES (83, '200903250', 'INDRA HIDAYAT, A.Md.', 'B3', NULL, NULL, NULL, NULL);
INSERT INTO `pegawai` VALUES (84, '200903251', 'FAETAL HAKIM', 'B2', NULL, NULL, NULL, NULL);
INSERT INTO `pegawai` VALUES (85, '200903252', 'ZAENAL', 'B2', NULL, NULL, NULL, NULL);
INSERT INTO `pegawai` VALUES (86, '200903253', 'I NENGAH PUTRA YASA', 'B2', NULL, NULL, NULL, NULL);
INSERT INTO `pegawai` VALUES (87, '200904247', 'H. AUDIA FUADI, SE', 'C2', NULL, NULL, NULL, NULL);
INSERT INTO `pegawai` VALUES (88, '200904248', 'L. TASMANADI, SE.', 'C2', NULL, NULL, NULL, NULL);
INSERT INTO `pegawai` VALUES (89, '200904249', 'SITI HAMDAH, S.Sos.', 'C2', NULL, NULL, NULL, NULL);
INSERT INTO `pegawai` VALUES (90, '201003255', 'IDHAM SURYADI', 'B2', NULL, NULL, NULL, NULL);
INSERT INTO `pegawai` VALUES (91, '201003256', 'LALU DANIAL IRAWAN', 'B2', NULL, NULL, NULL, NULL);
INSERT INTO `pegawai` VALUES (92, '201003257', 'HAERUL ANWAR', 'B2', NULL, NULL, NULL, NULL);
INSERT INTO `pegawai` VALUES (93, '201003258', 'IDA BAGUS PUTRA KENITEN', 'B2', NULL, NULL, NULL, NULL);
INSERT INTO `pegawai` VALUES (94, '201003260', 'AHMAD MUJAMIL', 'B2', 'jamil', '1q2w3e4r5t', '863195037582180', '-8.6731821,115.2391193');
INSERT INTO `pegawai` VALUES (95, '201004261', 'PANJI BAGUS ARNADI, SE', 'C2', NULL, NULL, NULL, NULL);
INSERT INTO `pegawai` VALUES (96, '201004262', 'RINA AFRIANI, SE', 'C2', NULL, NULL, NULL, NULL);
INSERT INTO `pegawai` VALUES (97, '201102263', 'TAUFIQURRAHMAN', 'A3', NULL, NULL, NULL, NULL);
INSERT INTO `pegawai` VALUES (98, '201103264', 'HAIRUL HADI', 'B1', NULL, NULL, NULL, NULL);
INSERT INTO `pegawai` VALUES (99, '201103265', 'M. IMRON', 'B1', NULL, NULL, NULL, NULL);
INSERT INTO `pegawai` VALUES (100, '201103266', 'ERIKA DEVAYANTHY', 'B1', NULL, NULL, NULL, NULL);
INSERT INTO `pegawai` VALUES (101, '201103267', 'ENDANG HERLINA PRATIWI', 'B1', NULL, NULL, NULL, NULL);
INSERT INTO `pegawai` VALUES (102, '201104269', 'DWI MULYANINGSIH, SH', 'C1', NULL, NULL, NULL, NULL);
INSERT INTO `pegawai` VALUES (103, '201104270', 'ARY ISWAHYUDI, S.SOS', 'C1', NULL, NULL, NULL, NULL);
INSERT INTO `pegawai` VALUES (104, '201104271', 'MUHLISIN', 'C1', NULL, NULL, NULL, NULL);
INSERT INTO `pegawai` VALUES (105, '201202288', 'MUNAWIR HARIS', 'A3', NULL, NULL, NULL, NULL);
INSERT INTO `pegawai` VALUES (106, '201203277', 'IRVIAN NOFRIZAL,  A.Md', 'B2', NULL, NULL, NULL, NULL);
INSERT INTO `pegawai` VALUES (107, '201203278', 'DIAN SUMARTI NINGSIH', 'B1', NULL, NULL, NULL, NULL);
INSERT INTO `pegawai` VALUES (108, '201203279', 'ZIAD AMRULLAH', 'B1', NULL, NULL, NULL, NULL);
INSERT INTO `pegawai` VALUES (109, '201203280', 'BAIQ INDRA PRATIWI, S.IP', 'B1', NULL, NULL, NULL, NULL);
INSERT INTO `pegawai` VALUES (110, '201203281', 'AGUS FIAN MARZAN, SE', 'B1', NULL, NULL, NULL, NULL);
INSERT INTO `pegawai` VALUES (111, '201203282', 'SYAIFUL HASIM, S.Sos', 'B1', NULL, NULL, NULL, NULL);
INSERT INTO `pegawai` VALUES (112, '201203283', 'M. KHAERUL FATONI', 'B1', NULL, NULL, NULL, NULL);
INSERT INTO `pegawai` VALUES (113, '201203289', 'AWAN HARIADI', 'B1', NULL, NULL, NULL, NULL);
INSERT INTO `pegawai` VALUES (114, '201203290', 'M. FAHRIZAL', 'B1', NULL, NULL, NULL, NULL);
INSERT INTO `pegawai` VALUES (115, '201203292', 'NURUDDIN AROFI', 'B1', NULL, NULL, NULL, NULL);
INSERT INTO `pegawai` VALUES (116, '201204272', 'DESY ARIANTI, ST', 'C1', NULL, NULL, NULL, NULL);
INSERT INTO `pegawai` VALUES (117, '201204273', 'SITI HADYA NINGRUM, SE', 'C1', NULL, NULL, NULL, NULL);
INSERT INTO `pegawai` VALUES (118, '201204274', 'ELYA WARDANI, SE', 'C1', NULL, NULL, NULL, NULL);
INSERT INTO `pegawai` VALUES (119, '201204275', 'LINDA HARTANI, SE', 'C1', NULL, NULL, NULL, NULL);
INSERT INTO `pegawai` VALUES (120, '201204276', 'ASPUL KARIYADI, ST', 'C1', NULL, NULL, NULL, NULL);
INSERT INTO `pegawai` VALUES (121, '201302303', 'MUHAMMAD SYAKUR', 'A3', NULL, NULL, NULL, NULL);
INSERT INTO `pegawai` VALUES (122, '201303295', 'M. AZHARI, A.Md', 'B2', NULL, NULL, NULL, NULL);
INSERT INTO `pegawai` VALUES (123, '201303296', 'HERMAN SUSILO', 'B1', NULL, NULL, NULL, NULL);
INSERT INTO `pegawai` VALUES (124, '201303297', 'ANGGA KURNIAWAN', 'B1', NULL, NULL, NULL, NULL);
INSERT INTO `pegawai` VALUES (125, '201303298', 'DWI NAYAWAN SAPUTRA, A.Md', 'B1', NULL, NULL, NULL, NULL);
INSERT INTO `pegawai` VALUES (126, '201303299', 'DODI NARA SANJAYA', 'B1', NULL, NULL, NULL, NULL);
INSERT INTO `pegawai` VALUES (127, '201303300', 'ISHAK', 'B1', NULL, NULL, NULL, NULL);
INSERT INTO `pegawai` VALUES (128, '201303301', 'LALU KHUDLRI', 'B1', NULL, NULL, NULL, NULL);
INSERT INTO `pegawai` VALUES (129, '201303302', 'SINAR ALAM', 'A4', NULL, NULL, NULL, NULL);
INSERT INTO `pegawai` VALUES (130, '201303304', 'M YUSUF HIDAYAT', 'B2', NULL, NULL, NULL, NULL);
INSERT INTO `pegawai` VALUES (131, '201304305', 'B. U\'UN RATIH HIDAYATY, ST', 'C1', NULL, NULL, NULL, NULL);
INSERT INTO `pegawai` VALUES (132, '201403306', 'M. TAMMAMI KURNIAWAN', 'B1', NULL, NULL, NULL, NULL);
INSERT INTO `pegawai` VALUES (133, '201403307', 'MUHAMMAD HUSAINI', 'B2', NULL, NULL, NULL, NULL);
INSERT INTO `pegawai` VALUES (134, '201403308', 'PUTU AYU CITRA FEBRIANA', 'B2', NULL, NULL, NULL, NULL);
INSERT INTO `pegawai` VALUES (135, '201403309', 'KHUSNUL KHOTHIMAH', 'B2', NULL, NULL, NULL, NULL);
INSERT INTO `pegawai` VALUES (136, '201404310', 'CHAIRI ABDILLAH, ST', 'C1', NULL, NULL, NULL, NULL);
INSERT INTO `pegawai` VALUES (137, '201403327', 'NURMALA HIDAYATULLAH', 'B1', NULL, NULL, NULL, NULL);
INSERT INTO `pegawai` VALUES (138, '201404311', 'BAIQ ADHES RIAWANGI, SE', 'C1', NULL, NULL, NULL, NULL);
INSERT INTO `pegawai` VALUES (139, '201404312', 'BAIQ NORMALITA NITISARI, SE', 'C1', NULL, NULL, NULL, NULL);
INSERT INTO `pegawai` VALUES (140, '201404313', 'EDHI PRAPTONO, SE', 'C1', NULL, NULL, NULL, NULL);
INSERT INTO `pegawai` VALUES (141, '201404314', 'UMMI LATIFAH RAEHANUN, SE', 'C1', NULL, NULL, NULL, NULL);
INSERT INTO `pegawai` VALUES (142, '201404315', 'IWAN KURNIAWAN, SE', 'C1', NULL, NULL, NULL, NULL);
INSERT INTO `pegawai` VALUES (143, '201404316', 'SRI WAHYUNI, S.Psi', 'C1', NULL, NULL, NULL, NULL);
INSERT INTO `pegawai` VALUES (144, '201404317', 'YULIANA SUSANTI, S.Psi', 'C1', NULL, NULL, NULL, NULL);
INSERT INTO `pegawai` VALUES (145, '201404318', 'AGUNG MANDALA PUTRA, ST', 'C1', NULL, NULL, NULL, NULL);
INSERT INTO `pegawai` VALUES (146, '201404320', 'DADI RAHMAN, ST', 'B3', NULL, NULL, NULL, NULL);
INSERT INTO `pegawai` VALUES (147, '201404321', 'HAPRISIA WINA WIRIANA, ST', 'C1', NULL, NULL, NULL, NULL);
INSERT INTO `pegawai` VALUES (148, '201404322', 'YUDI WARIARMAN, ST', 'C1', NULL, NULL, NULL, NULL);
INSERT INTO `pegawai` VALUES (149, '201404323', 'HENDRA  KUSUMA WIJAYA, ST', 'C1', NULL, NULL, NULL, NULL);
INSERT INTO `pegawai` VALUES (150, '201404324', 'YUSLINA LUSIANA, ST', 'C1', NULL, NULL, NULL, NULL);
INSERT INTO `pegawai` VALUES (151, '201404325', 'INDAH PARAMITA, SH', 'C1', NULL, NULL, NULL, NULL);
INSERT INTO `pegawai` VALUES (152, '201404326', 'PARAMITHA ANGGRAINI, SE', 'C1', NULL, NULL, NULL, NULL);
INSERT INTO `pegawai` VALUES (153, '201404328', 'AUFA ASFARINA FEBRIANGGIE,SH', 'C1', NULL, NULL, NULL, NULL);
INSERT INTO `pegawai` VALUES (154, '201404329', 'EKO DAENG WAHYUDIANTO, ST', 'C1', NULL, NULL, NULL, NULL);
INSERT INTO `pegawai` VALUES (155, '201504330', 'ANGGA FIRMANA, S.I.Kom', 'B4', NULL, NULL, NULL, NULL);
INSERT INTO `pegawai` VALUES (156, '201601367', 'MUNAWAR', 'A1', NULL, NULL, NULL, NULL);
INSERT INTO `pegawai` VALUES (157, '201602366', 'ANOM CAHYONO', 'A2', NULL, NULL, NULL, NULL);
INSERT INTO `pegawai` VALUES (158, '201603348', 'MOHAMAD ROVAN ANDRIANTO, A.Md', 'B1', NULL, NULL, NULL, NULL);
INSERT INTO `pegawai` VALUES (159, '201603349', 'RIVA YUNI LESTARI, A.Md', 'B1', NULL, NULL, NULL, NULL);
INSERT INTO `pegawai` VALUES (160, '201603350', 'WAHYU HARTATI,A.Md', 'B1', NULL, NULL, NULL, NULL);
INSERT INTO `pegawai` VALUES (161, '201603351', 'LAGUNA RAKAS SWARA', 'A4', NULL, NULL, NULL, NULL);
INSERT INTO `pegawai` VALUES (162, '201603352', 'PANDE  KOMANG ASTAWA', 'A4', NULL, NULL, NULL, NULL);
INSERT INTO `pegawai` VALUES (163, '201603353', 'LALU MUHAMMAD AZIZ IQBAL', 'A4', NULL, NULL, NULL, NULL);
INSERT INTO `pegawai` VALUES (164, '201603354', 'AFRIA KURNIATI', 'A4', NULL, NULL, NULL, NULL);
INSERT INTO `pegawai` VALUES (165, '201603355', 'MUDAWAMAH PERNALINI', 'A4', NULL, NULL, NULL, NULL);
INSERT INTO `pegawai` VALUES (166, '201603356', 'GINA ANDRYANA', 'A4', NULL, NULL, NULL, NULL);
INSERT INTO `pegawai` VALUES (167, '201603357', 'YUSRAN SAYID DISKARA', 'A4', NULL, NULL, NULL, NULL);
INSERT INTO `pegawai` VALUES (168, '201603358', 'MUHAMAD ISHAK', 'A4', NULL, NULL, NULL, NULL);
INSERT INTO `pegawai` VALUES (169, '201603359', 'ROBIATUL ADAWIYAH', 'A4', NULL, NULL, NULL, NULL);
INSERT INTO `pegawai` VALUES (170, '201603360', 'L. ZOHRI RAHMAN', 'A4', NULL, NULL, NULL, NULL);
INSERT INTO `pegawai` VALUES (171, '201603361', 'FAKHRY AVICIENA', 'A4', NULL, NULL, NULL, NULL);
INSERT INTO `pegawai` VALUES (172, '201603362', 'MURAZIKUSAPIQ', 'A4', NULL, NULL, NULL, NULL);
INSERT INTO `pegawai` VALUES (173, '201603363', 'OLIPIA ANGGRENI', 'A4', NULL, NULL, NULL, NULL);
INSERT INTO `pegawai` VALUES (174, '201603364', 'NI WYN SRI KUSUMA NINGSIH', 'A4', NULL, NULL, NULL, NULL);
INSERT INTO `pegawai` VALUES (175, '201603365', 'LALU SUDIRMAN', 'A4', NULL, NULL, NULL, NULL);
INSERT INTO `pegawai` VALUES (176, '201604331', 'ANDI FAJAR NUGRAHA, S.Kom.', 'B4', NULL, NULL, NULL, NULL);
INSERT INTO `pegawai` VALUES (177, '201604332', 'ANDI HARY AKBAR, S.Kom', 'B4', NULL, NULL, NULL, NULL);
INSERT INTO `pegawai` VALUES (178, '201604333', 'JOHAN ISWARA, S.Kom', 'B4', NULL, NULL, NULL, NULL);
INSERT INTO `pegawai` VALUES (179, '201604334', 'M. ALFIAN ALAYDRUS, S.KM', 'B4', NULL, NULL, NULL, NULL);
INSERT INTO `pegawai` VALUES (180, '201604335', 'NIMASH MIFTAHUL SAKINAH,ST', 'B4', NULL, NULL, NULL, NULL);
INSERT INTO `pegawai` VALUES (181, '201604336', 'PRAMONO BAGUS PRATAMA, ST', 'B4', NULL, NULL, NULL, NULL);
INSERT INTO `pegawai` VALUES (182, '201604337', 'LALU BAYU ADITYAWARMAN,ST', 'B4', NULL, NULL, NULL, NULL);
INSERT INTO `pegawai` VALUES (183, '201604338', 'FERRY  HANGGARA SAMUDRA, ST', 'B4', NULL, NULL, NULL, NULL);
INSERT INTO `pegawai` VALUES (184, '201604339', 'H. SOFIAN FANSORY, ST', 'B4', NULL, NULL, NULL, NULL);
INSERT INTO `pegawai` VALUES (185, '201604340', 'DWI ARI WIBOWO, ST', 'B4', NULL, NULL, NULL, NULL);
INSERT INTO `pegawai` VALUES (186, '201604341', 'YANTRI NOVIA PRAMITASARI,ST', 'B4', NULL, NULL, NULL, NULL);
INSERT INTO `pegawai` VALUES (187, '201604342', 'MUHAMMAD ALI AKBAR, ST', 'B4', NULL, NULL, NULL, NULL);
INSERT INTO `pegawai` VALUES (188, '201604343', 'DWI YOGIANA SUPRIYANTI,SE', 'B4', NULL, NULL, NULL, NULL);
INSERT INTO `pegawai` VALUES (189, '201604344', 'FAISAL AKBAR SUKMANA, SE', 'B4', NULL, NULL, NULL, NULL);
INSERT INTO `pegawai` VALUES (190, '201604345', 'SYOHIBUL HAMDI, SE', 'B4', NULL, NULL, NULL, NULL);
INSERT INTO `pegawai` VALUES (191, '201604346', 'RIDO MULYA FIRMANDI, SH', 'B4', NULL, NULL, NULL, NULL);
INSERT INTO `pegawai` VALUES (192, '201704368', 'RESI WAHYUTOMO, Ak., M.Si', 'C1', NULL, NULL, NULL, NULL);
INSERT INTO `pegawai` VALUES (193, '8101024', 'MUHAIMIN, SH', 'C4', NULL, NULL, NULL, NULL);
INSERT INTO `pegawai` VALUES (194, '8101036', 'RIDWAN', 'C1', NULL, NULL, NULL, NULL);
INSERT INTO `pegawai` VALUES (195, '8202048', 'DAHMAR', 'B2', NULL, NULL, NULL, NULL);
INSERT INTO `pegawai` VALUES (196, '8203038', 'LALU  MUDARWADI, S.Si', 'D1', NULL, NULL, NULL, NULL);
INSERT INTO `pegawai` VALUES (198, '8403063', 'ZUL\'AINI, SH', 'C4', NULL, NULL, NULL, NULL);
INSERT INTO `pegawai` VALUES (202, '8403070', 'DARWAN (B)', 'C2', NULL, NULL, NULL, NULL);
INSERT INTO `pegawai` VALUES (204, '8702080', 'MADE MERTADANA', 'C1', NULL, NULL, NULL, NULL);
INSERT INTO `pegawai` VALUES (205, '8803084', 'BQ. ASRI INAYAH,', 'C2', NULL, NULL, NULL, NULL);
INSERT INTO `pegawai` VALUES (206, '9002059', 'KETUT YULIAWAN, SE.', 'C4', NULL, NULL, NULL, NULL);
INSERT INTO `pegawai` VALUES (207, '9002089', 'LALU BADRI', 'B2', NULL, NULL, NULL, NULL);
INSERT INTO `pegawai` VALUES (208, '9003088', 'DEWA KETUT SUARTA, SE', 'C4', NULL, NULL, NULL, NULL);
INSERT INTO `pegawai` VALUES (209, '9003091', 'BAIQ SUHARTINI, SE', 'C4', NULL, NULL, NULL, NULL);
INSERT INTO `pegawai` VALUES (211, '9102066', 'RUSMINI, S.Sos', 'C3', NULL, NULL, NULL, NULL);
INSERT INTO `pegawai` VALUES (212, '9102095', 'MASHAR', 'B2', NULL, NULL, NULL, NULL);
INSERT INTO `pegawai` VALUES (213, '9203096', 'SABILARASYAD', 'C1', NULL, NULL, NULL, NULL);
INSERT INTO `pegawai` VALUES (214, '9301105', 'ZAENUDDIN (Ms)', 'B4', NULL, NULL, NULL, NULL);
INSERT INTO `pegawai` VALUES (216, '9401107', 'MIRI', 'B1', NULL, NULL, NULL, NULL);
INSERT INTO `pegawai` VALUES (217, '9401108', 'BURHANUDIN', 'B4', NULL, NULL, NULL, NULL);
INSERT INTO `pegawai` VALUES (218, '9401110', 'MAWARDI DWIPUTRA', 'B1', NULL, NULL, NULL, NULL);
INSERT INTO `pegawai` VALUES (219, '9401112', 'AMIRIN HUSEN', 'B1', NULL, NULL, NULL, NULL);
INSERT INTO `pegawai` VALUES (220, '9401113', 'JUNAEDI', 'B2', NULL, NULL, NULL, NULL);
INSERT INTO `pegawai` VALUES (221, '9403098', 'BUDI HERIADI, S.Si', 'C3', NULL, NULL, NULL, NULL);
INSERT INTO `pegawai` VALUES (222, '9403099', 'LALU BADRUN,  S.SOS', 'C4', NULL, NULL, NULL, NULL);
INSERT INTO `pegawai` VALUES (223, '9403102', 'AHMADI', 'C1', NULL, NULL, NULL, NULL);
INSERT INTO `pegawai` VALUES (224, '9403103', 'SUPRIYANTO', 'C1', NULL, NULL, NULL, NULL);
INSERT INTO `pegawai` VALUES (225, '9403114', 'MARYADI,SE.', 'C3', NULL, NULL, NULL, NULL);
INSERT INTO `pegawai` VALUES (226, '9504116', 'MARGARET PATRICIA ALEXANDRA MALADA, SE. MT', 'D1', NULL, NULL, NULL, NULL);
INSERT INTO `pegawai` VALUES (227, '9601123', 'MUDASIH', 'B1', NULL, NULL, NULL, NULL);
INSERT INTO `pegawai` VALUES (228, '9601124', 'M. NUR KHALIS', 'B4', NULL, NULL, NULL, NULL);
INSERT INTO `pegawai` VALUES (229, '9602117', 'B. SRI RINJANI', 'C1', NULL, NULL, NULL, NULL);
INSERT INTO `pegawai` VALUES (230, '9602118', 'SUKARMAN P', 'C1', NULL, NULL, NULL, NULL);
INSERT INTO `pegawai` VALUES (231, '9602125', 'SUHERMAN', 'B4', NULL, NULL, NULL, NULL);
INSERT INTO `pegawai` VALUES (232, '9602126', 'NURDIN', 'B2', NULL, NULL, NULL, NULL);
INSERT INTO `pegawai` VALUES (233, '9602127', 'ZUBAIR GANIF', 'B4', NULL, NULL, NULL, NULL);
INSERT INTO `pegawai` VALUES (234, '9602129', 'BAMBANG SUSILO G', 'B4', NULL, NULL, NULL, NULL);
INSERT INTO `pegawai` VALUES (235, '9603119', 'MULYADI', 'C1', NULL, NULL, NULL, NULL);
INSERT INTO `pegawai` VALUES (236, '9603130', 'BURHANUDIN, A.Md', 'C1', NULL, NULL, NULL, NULL);
INSERT INTO `pegawai` VALUES (237, '9603131', 'LALU ACHYAR, SE', 'C4', NULL, NULL, NULL, NULL);
INSERT INTO `pegawai` VALUES (238, '9603132', 'M. SANWANI, ST.', 'C4', NULL, NULL, NULL, NULL);
INSERT INTO `pegawai` VALUES (239, '9604134', 'SYAHRIR SYAIR, S.Tp', 'D1', NULL, NULL, NULL, NULL);
INSERT INTO `pegawai` VALUES (240, '9702121', 'DARWAN ( K )', 'C1', NULL, NULL, NULL, NULL);
INSERT INTO `pegawai` VALUES (241, '9704122', 'B. ERI RATIH R. SE. MUM.', 'D1', NULL, NULL, NULL, NULL);
INSERT INTO `pegawai` VALUES (242, '9801143', 'AZWARUDDIN', 'B1', NULL, NULL, NULL, NULL);
INSERT INTO `pegawai` VALUES (243, '9801146', 'HALID FARIS', 'B1', NULL, NULL, NULL, NULL);
INSERT INTO `pegawai` VALUES (244, '9801153', 'TAUHID', 'B1', NULL, NULL, NULL, NULL);
INSERT INTO `pegawai` VALUES (245, '9802144', 'JURUH', 'B2', NULL, NULL, NULL, NULL);
INSERT INTO `pegawai` VALUES (246, '9802155', 'ANDI', 'B2', NULL, NULL, NULL, NULL);
INSERT INTO `pegawai` VALUES (247, '9803136', 'H. SYAIFUL AKHYAR', 'C1', NULL, NULL, NULL, NULL);
INSERT INTO `pegawai` VALUES (248, '9803139', 'HERI IRIONO JP', 'C2', NULL, NULL, NULL, NULL);
INSERT INTO `pegawai` VALUES (249, '9803141', 'ZULKIFLI', 'C1', NULL, NULL, NULL, NULL);
INSERT INTO `pegawai` VALUES (250, '9803145', 'SYAFII AKBAR', 'C1', NULL, NULL, NULL, NULL);
INSERT INTO `pegawai` VALUES (251, '9803147', 'SAHRAN', 'C1', NULL, NULL, NULL, NULL);
INSERT INTO `pegawai` VALUES (252, '9803150', 'YANTI RUSILAWATI, S.Sos', 'C4', NULL, NULL, NULL, NULL);
INSERT INTO `pegawai` VALUES (253, '9803151', 'BUDI SANTOSO', 'B4', NULL, NULL, NULL, NULL);
INSERT INTO `pegawai` VALUES (254, '9803152', 'FAKHRUDIN', 'B4', NULL, NULL, NULL, NULL);
INSERT INTO `pegawai` VALUES (255, '9803154', 'IDA AYU KETUT SUTRINI', 'B4', NULL, NULL, NULL, NULL);
INSERT INTO `pegawai` VALUES (256, '9804123', 'BAIQ NEDIA IDALI S, SE', 'D1', NULL, NULL, NULL, NULL);
INSERT INTO `pegawai` VALUES (257, '9804148', 'B. RAHMI NUCIVERA', 'C4', NULL, NULL, NULL, NULL);
INSERT INTO `pegawai` VALUES (258, '9804149', 'SRI KADARSIH D. S.Sos.', 'C4', NULL, NULL, NULL, NULL);
INSERT INTO `pegawai` VALUES (259, '9903156', 'SYARIF HIDAYAT', 'C1', NULL, NULL, NULL, NULL);
INSERT INTO `pegawai` VALUES (260, '9903157', 'L. KUSNIABARI', 'B3', NULL, NULL, NULL, NULL);
INSERT INTO `pegawai` VALUES (261, '9903158', 'RAMA WASKITA, A.Md.', 'C1', NULL, NULL, NULL, NULL);
INSERT INTO `pegawai` VALUES (262, '9903160', 'LALU JANWIR RIADI', 'B4', NULL, NULL, NULL, NULL);
INSERT INTO `pegawai` VALUES (263, '9904159', 'AINI KURNIATI,S.Sos.MSi', 'D1', NULL, NULL, NULL, NULL);

-- ----------------------------
-- Table structure for pengumuman
-- ----------------------------
DROP TABLE IF EXISTS `pengumuman`;
CREATE TABLE `pengumuman`  (
  `id` int(11) NOT NULL AUTO_INCREMENT,
  `pengumuman` text CHARACTER SET latin1 COLLATE latin1_swedish_ci NULL,
  `tgl` datetime(0) NULL DEFAULT NULL,
  PRIMARY KEY (`id`) USING BTREE
) ENGINE = InnoDB AUTO_INCREMENT = 5 CHARACTER SET = latin1 COLLATE = latin1_swedish_ci ROW_FORMAT = Dynamic;

-- ----------------------------
-- Records of pengumuman
-- ----------------------------
INSERT INTO `pengumuman` VALUES (2, 'Selamat hari raya Imlek 2019', '2019-02-02 16:43:22');
INSERT INTO `pengumuman` VALUES (3, 'Pengawai Hari Jumat menggunakan pakaian olahraga', '2019-02-02 16:55:04');
INSERT INTO `pengumuman` VALUES (4, 'Selamat kepada karyawan terbaik bulan Januari Ahmad Mujamil', '2019-02-03 15:09:21');

-- ----------------------------
-- Table structure for timeline
-- ----------------------------
DROP TABLE IF EXISTS `timeline`;
CREATE TABLE `timeline`  (
  `id` int(11) NOT NULL AUTO_INCREMENT,
  `tgl` datetime(0) NULL DEFAULT NULL,
  `nip` varchar(15) CHARACTER SET latin1 COLLATE latin1_swedish_ci NULL DEFAULT NULL,
  `ket_status` varchar(255) CHARACTER SET latin1 COLLATE latin1_swedish_ci NULL DEFAULT NULL,
  `location` varchar(255) CHARACTER SET latin1 COLLATE latin1_swedish_ci NULL DEFAULT NULL,
  PRIMARY KEY (`id`) USING BTREE
) ENGINE = InnoDB AUTO_INCREMENT = 59 CHARACTER SET = latin1 COLLATE = latin1_swedish_ci ROW_FORMAT = Dynamic;

-- ----------------------------
-- Records of timeline
-- ----------------------------
INSERT INTO `timeline` VALUES (38, '2019-02-03 10:45:19', '200001167', 'tes lokasi ni', '-8.6116721,116.1116348');
INSERT INTO `timeline` VALUES (45, '2019-02-03 10:53:59', '200001167', 'woooi', '-8.6116721,116.1116348');
INSERT INTO `timeline` VALUES (47, '2019-02-03 13:10:01', '200001167', 'apa', '-8.6116721,116.1116348');
INSERT INTO `timeline` VALUES (48, '2019-02-03 13:17:14', '200001167', 'gps sudah', '-8.612017,116.1087992');
INSERT INTO `timeline` VALUES (49, '2019-02-03 13:23:47', '200001167', 'tes', '-8.6116721,116.1116348');
INSERT INTO `timeline` VALUES (50, '2019-02-03 15:21:24', '200001167', 'fixasi nikisasi', '-8.6116816,116.1116367');
INSERT INTO `timeline` VALUES (51, '2019-02-03 15:41:04', '201003260', 'hadi cupu', '-8.6116678,116.1116391');
INSERT INTO `timeline` VALUES (52, '2019-02-03 15:41:32', '200003162', 'posisi', 'tes');
INSERT INTO `timeline` VALUES (53, '2019-02-04 05:06:42', '200001167', 'yuk', '-8.5801224,116.0990809');
INSERT INTO `timeline` VALUES (54, '2019-02-04 07:21:35', '201003260', 'wtf', '-8.5815579,116.0911053');
INSERT INTO `timeline` VALUES (55, '2019-02-04 11:26:59', '200003162', 'gg', '-8.5801224,116.0990809');
INSERT INTO `timeline` VALUES (56, '2019-02-04 11:32:56', '200001167', 'cupu', '-8.6750263,116.1222562');
INSERT INTO `timeline` VALUES (57, '2019-02-06 04:53:19', '201003260', 'lagi mengerjakaj a', '-8.6731821,115.2391193');
INSERT INTO `timeline` VALUES (58, '2019-02-06 04:58:00', '201003260', 'sfh', '-8.6731821,115.2391193');

-- ----------------------------
-- Table structure for user
-- ----------------------------
DROP TABLE IF EXISTS `user`;
CREATE TABLE `user`  (
  `nip` varchar(15) CHARACTER SET latin1 COLLATE latin1_swedish_ci NULL DEFAULT NULL,
  `username` varchar(10) CHARACTER SET latin1 COLLATE latin1_swedish_ci NULL DEFAULT NULL,
  `password` varchar(15) CHARACTER SET latin1 COLLATE latin1_swedish_ci NULL DEFAULT NULL
) ENGINE = InnoDB CHARACTER SET = latin1 COLLATE = latin1_swedish_ci ROW_FORMAT = Dynamic;

-- ----------------------------
-- Records of user
-- ----------------------------
INSERT INTO `user` VALUES ('200001167', 'admin', '1234');
INSERT INTO `user` VALUES ('200303180', 'murlan', '1234');

-- ----------------------------
-- View structure for vw_hakakses
-- ----------------------------
DROP VIEW IF EXISTS `vw_hakakses`;
CREATE ALGORITHM = UNDEFINED SQL SECURITY DEFINER VIEW `vw_hakakses` AS select `a`.`nip` AS `nip`,`a`.`username` AS `username`,`a`.`password` AS `password`,`b`.`kd_menu` AS `kd_menu`,`c`.`nm_menu` AS `nm_menu`,`c`.`kd_parent` AS `kd_parent`,`c`.`status` AS `status`,`c`.`controller` AS `controller`,`c`.`icon` AS `icon`,`d`.`nm_pegawai` AS `nm_pegawai`,`d`.`gol` AS `gol` from (((`user` `a` join `akses` `b` on((`a`.`username` = `b`.`username`))) join `menu` `c` on((`b`.`kd_menu` = `c`.`kd_menu`))) join `pegawai` `d` on((`a`.`nip` = `d`.`nip`)));

SET FOREIGN_KEY_CHECKS = 1;
